{
  "large_random": {
    "valid_count": 97,
    "total_count": 100,
    "bound_score": 0.447080008882827,
    "satisfaction_rate": 0.7835051546391752,
    "mean_gap": 0.7524942718799137
  },
  "extreme_params": {
    "valid_count": 49,
    "total_count": 50,
    "bound_score": 0.30333512550582203,
    "satisfaction_rate": 0.5918367346938775,
    "mean_gap": 0.9510985867758271
  },
  "special_topology": {
    "valid_count": 14,
    "total_count": 16,
    "bound_score": 0.3109151380431802,
    "satisfaction_rate": 0.7857142857142857,
    "mean_gap": 1.5271020596146239
  }
}