{
  "large_random": {
    "valid_count": 97,
    "total_count": 100,
    "bound_score": 0.447080008882827,
    "satisfaction_rate": 0.7835051546391752,
    "mean_gap": 0.7524942718799137
  },
  "extreme_params": {
    "valid_count": 49,
    "total_count": 50,
    "bound_score": 0.30333512550582203,
    "satisfaction_rate": 0.5918367346938775,
    "mean_gap": 0.9510985867758271
  },
  "special_topology": {
    "valid_count": 8,
    "total_count": 8,
    "bound_score": 0.39241179421007477,
    "satisfaction_rate": 0.625,
    "mean_gap": 0.5927146156708297
  }
}