{
  "large_random": {
    "valid_count": 100,
    "total_count": 100,
    "spearman": 0.9567716771677167,
    "pearson": 0.879449155270321,
    "rmse": 173.63589734914635,
    "mae": 106.44799901242519
  },
  "extreme_params": {
    "valid_count": 50,
    "total_count": 50,
    "spearman": 0.9263385354141656,
    "pearson": 0.7968516408355883,
    "rmse": 69.66856844929649,
    "mae": 47.472437810232734
  },
  "special_topology": {
    "valid_count": 16,
    "total_count": 16,
    "spearman": 0.4651979479925785,
    "pearson": 0.5774934312736981,
    "rmse": 50.7580399474891,
    "mae": 39.88027554838322
  }
}