{
  "large_random": {
    "valid_count": 10,
    "total_count": 10,
    "bound_score": 0.3036429789041058,
    "satisfaction_rate": 0.9,
    "mean_gap": 1.9640072800241866
  },
  "extreme_params": {
    "valid_count": 5,
    "total_count": 5,
    "bound_score": 0.2893018717269575,
    "satisfaction_rate": 0.8,
    "mean_gap": 1.7652776500355256
  },
  "special_topology": {
    "valid_count": 8,
    "total_count": 8,
    "bound_score": 0.23960984148408687,
    "satisfaction_rate": 0.375,
    "mean_gap": 0.5650442305597231
  }
}