{
  "experiment_map_elites_aspl": {
    "fitness_mode": "correlation",
    "success": true,
    "val_spearman": 0.9352973339063481,
    "test_spearman": 0.9470658869468552,
    "convergence": {
      "generations": [
        1,
        2,
        3,
        4,
        5,
        6,
        7,
        8,
        9,
        10,
        11,
        12,
        13,
        14,
        15,
        16,
        17,
        18,
        19,
        20,
        21,
        22,
        23,
        24,
        25,
        26,
        27,
        28,
        29,
        30
      ],
      "best_scores": [
        0.4263269880397349,
        0.512803385591398,
        0.512803385591398,
        0.512803385591398,
        0.512803385591398,
        0.512803385591398,
        0.5305633173613996,
        0.5305633173613996,
        0.5305680462859561,
        0.5365733928946387,
        0.5375940988048828,
        0.5404896615380035,
        0.5426859771161455,
        0.5426859771161455,
        0.5426859771161455,
        0.5426859771161455,
        0.5426859771161455,
        0.5427748816001274,
        0.5427748816001274,
        0.5434966253021819,
        0.5434966253021819,
        0.5434966253021819,
        0.5434966253021819,
        0.5437000762854024,
        0.5503922782177872,
        0.5503922782177872,
        0.5524962124229404,
        0.5524962124229404,
        0.5524962124229404,
        0.5524962124229404
      ],
      "map_elites_coverage": [
        2,
        4,
        4,
        4,
        4,
        4,
        4,
        4,
        4,
        4,
        4,
        4,
        4,
        4,
        4,
        4,
        4,
        4,
        4,
        4,
        4,
        4,
        4,
        5,
        5,
        5,
        5,
        5,
        5,
        5
      ]
    },
    "baselines": {
      "schema_version": 1,
      "target_name": "average_shortest_path_length",
      "stat_baselines": {
        "linear_regression": {
          "status": "ok",
          "val_metrics": {
            "spearman": 0.9748087357717388,
            "pearson": 0.973731899919723,
            "rmse": 0.20738055798656055,
            "mae": 0.14566272020962878,
            "valid_count": 200
          },
          "test_metrics": {
            "spearman": 0.9748533713342834,
            "pearson": 0.9780057762888632,
            "rmse": 0.1618837258621943,
            "mae": 0.11978971277879914,
            "valid_count": 200
          }
        },
        "random_forest": {
          "status": "ok",
          "val_metrics": {
            "spearman": 0.9608163807157283,
            "pearson": 0.939819583069644,
            "rmse": 0.32762900138460443,
            "mae": 0.15656383549785863,
            "valid_count": 200
          },
          "test_metrics": {
            "spearman": 0.950807770194255,
            "pearson": 0.965732939198243,
            "rmse": 0.21285233753527977,
            "mae": 0.13110013846822646,
            "valid_count": 200
          }
        }
      },
      "pysr_baseline": {
        "status": "ok",
        "model": "pysr",
        "val_metrics": {
          "spearman": 0.9817130016804002,
          "pearson": 0.9753191960256336,
          "rmse": 0.19942768637763375,
          "mae": 0.14429826528575793,
          "valid_count": 200
        },
        "test_metrics": {
          "spearman": 0.9747089832405184,
          "pearson": 0.9767021284185873,
          "rmse": 0.1651476362245912,
          "mae": 0.1255223134091304,
          "valid_count": 200
        }
      }
    },
    "ood": {
      "large_random": {
        "valid_count": 100,
        "total_count": 100,
        "spearman": 0.9567716771677167,
        "pearson": 0.879449155270321,
        "rmse": 173.63589734914635,
        "mae": 106.44799901242519
      },
      "extreme_params": {
        "valid_count": 50,
        "total_count": 50,
        "spearman": 0.9263385354141656,
        "pearson": 0.7968516408355883,
        "rmse": 69.66856844929649,
        "mae": 47.472437810232734
      },
      "special_topology": {
        "valid_count": 8,
        "total_count": 8,
        "spearman": 0.5000000000000001,
        "pearson": 0.49594060917527083,
        "rmse": 36.097999583169106,
        "mae": 31.375335206678354
      }
    },
    "self_correction_stats": {
      "enabled": true,
      "max_retries": 1,
      "feedback_window": 3,
      "attempted_repairs": 164,
      "successful_repairs": 68,
      "failed_repairs": 96,
      "failure_categories": {
        "no_valid_train_predictions": 105,
        "below_train_threshold": 38,
        "below_novelty_threshold": 145
      }
    }
  },
  "experiment_algebraic_connectivity": {
    "fitness_mode": "correlation",
    "success": false,
    "val_spearman": 0.7644836120903022,
    "test_spearman": 0.7779479486987176,
    "convergence": {
      "generations": [
        1,
        2,
        3,
        4,
        5,
        6,
        7,
        8,
        9,
        10,
        11,
        12,
        13,
        14,
        15,
        16,
        17,
        18,
        19,
        20
      ],
      "best_scores": [
        0.44695617759899353,
        0.44695617759899353,
        0.44695617759899353,
        0.44695617759899353,
        0.44695617759899353,
        0.44892684446507,
        0.44918434497242943,
        0.44918434497242943,
        0.44918434497242943,
        0.44918434497242943,
        0.4596877656980921,
        0.4596877656980921,
        0.480734916614692,
        0.48306008691688906,
        0.48306008691688906,
        0.48306008691688906,
        0.48627258553697306,
        0.4880785020502356,
        0.4880785020502356,
        0.4939659075538685
      ]
    },
    "baselines": {
      "schema_version": 1,
      "target_name": "algebraic_connectivity",
      "stat_baselines": {
        "linear_regression": {
          "status": "ok",
          "val_metrics": {
            "spearman": 0.8576914422860573,
            "pearson": 0.8646270915121714,
            "rmse": 1.1193757446577839,
            "mae": 0.6842785259157925,
            "valid_count": 200
          },
          "test_metrics": {
            "spearman": 0.8662866571664293,
            "pearson": 0.879800847248962,
            "rmse": 1.1809968929359471,
            "mae": 0.684851325168426,
            "valid_count": 200
          }
        },
        "random_forest": {
          "status": "ok",
          "val_metrics": {
            "spearman": 0.9296845907465556,
            "pearson": 0.9203186033455948,
            "rmse": 1.0140462928909235,
            "mae": 0.4821210363040867,
            "valid_count": 200
          },
          "test_metrics": {
            "spearman": 0.9299718480357093,
            "pearson": 0.9211866551295733,
            "rmse": 1.1436533715458286,
            "mae": 0.5208860313613835,
            "valid_count": 200
          }
        }
      },
      "pysr_baseline": {
        "status": "ok",
        "model": "pysr",
        "val_metrics": {
          "spearman": 0.9408895222380561,
          "pearson": 0.8621011168329483,
          "rmse": 1.548626345994599,
          "mae": 0.6085926384978064,
          "valid_count": 200
        },
        "test_metrics": {
          "spearman": 0.9375039375984401,
          "pearson": 0.36048853687062055,
          "rmse": 59.243007025577086,
          "mae": 4.694237448159129,
          "valid_count": 200
        }
      }
    },
    "ood": {},
    "self_correction_stats": {
      "enabled": true,
      "max_retries": 1,
      "feedback_window": 3,
      "attempted_repairs": 75,
      "successful_repairs": 36,
      "failed_repairs": 39,
      "failure_categories": {
        "no_valid_train_predictions": 48,
        "below_train_threshold": 43,
        "below_novelty_threshold": 55
      }
    }
  },
  "experiment_upper_bound_aspl": {
    "fitness_mode": "upper_bound",
    "success": false,
    "val_spearman": 0.42267500325526164,