{
  "schema_version": 1,
  "target_name": "average_shortest_path_length",
  "stat_baselines": {
    "linear_regression": {
      "status": "ok",
      "val_metrics": {
        "spearman": 0.9748087357717388,
        "pearson": 0.9737318999197223,
        "rmse": 0.20738055798656205,
        "mae": 0.1456627202096297,
        "valid_count": 200
      },
      "test_metrics": {
        "spearman": 0.9748533713342834,
        "pearson": 0.9780057762888631,
        "rmse": 0.16188372586219504,
        "mae": 0.1197897127787997,
        "valid_count": 200
      }
    },
    "random_forest": {
      "status": "ok",
      "val_metrics": {
        "spearman": 0.9608163807157283,
        "pearson": 0.939819583069644,
        "rmse": 0.32762900138460443,
        "mae": 0.15656383549785863,
        "valid_count": 200
      },
      "test_metrics": {
        "spearman": 0.950807770194255,
        "pearson": 0.965732939198243,
        "rmse": 0.21285233753527977,
        "mae": 0.13110013846822646,
        "valid_count": 200
      }
    }
  },
  "pysr_baseline": {
    "status": "ok",
    "model": "pysr",
    "val_metrics": {
      "spearman": 0.9783176591573127,
      "pearson": 0.9777075739880505,
      "rmse": 0.1872365900543481,
      "mae": 0.12893907898312407,
      "valid_count": 200
    },
    "test_metrics": {
      "spearman": 0.9720599160204375,
      "pearson": 0.981932587512061,
      "rmse": 0.1463916135742475,
      "mae": 0.11117640322380741,
      "valid_count": 200
    }
  }
}