domain,random_hits10,freq_hits10,distmult_hits10,harmony_hits10,mrr_random,mrr_distmult,mrr_harmony
astronomy,0.42857142857142855,0.42857142857142855,0.2857142857142857,0.2857142857142857,0.25242783735815094,0.08731398979846185,0.08731398979846185
physics,0.4444444444444444,0.2222222222222222,0.2222222222222222,0.2222222222222222,0.28323728659437586,0.10810573162105729,0.07743205356648351
materials,0.3,0.5,0.3,0.2,0.1723728099385994,0.27698358055992695,0.15242388730854334
