domain,random_hits10,freq_hits10,distmult_hits10,harmony_hits10,mrr_random,mrr_distmult,mrr_harmony
astronomy,0.14285714285714285,0.14285714285714285,0.2857142857142857,0.2857142857142857,0.08791465304070346,0.1241026830751493,0.1241026830751493
physics,0.1111111111111111,0.4444444444444444,0.6666666666666666,0.4444444444444444,0.05545267727285271,0.210227076971263,0.23623660290326956
materials,0.1,0.3,0.3,0.3,0.052184819500005405,0.1414237057462189,0.14039728852228853
