domain,random_hits10,freq_hits10,distmult_hits10,harmony_hits10,mrr_random,mrr_distmult,mrr_harmony
astronomy,0.14285714285714285,0.42857142857142855,0.2857142857142857,0.2857142857142857,0.057902704272940204,0.18128271264159765,0.18128271264159765
physics,0.4444444444444444,0.5555555555555556,0.3333333333333333,0.3333333333333333,0.10266984213332643,0.11575810993650652,0.09630591090546597
materials,0.1,0.2,0.3,0.3,0.05497860263152617,0.20827396425018452,0.08448402975257195
