domain,random_hits10,freq_hits10,distmult_hits10,harmony_hits10,mrr_random,mrr_distmult,mrr_harmony
astronomy,0.14285714285714285,0.42857142857142855,0.0,0.0,0.11999675201645645,0.04768605050863116,0.04768605050863116
physics,0.2222222222222222,0.3333333333333333,0.2222222222222222,0.0,0.0583788813117697,0.10342767579609685,0.043734132939277366
materials,0.1,0.7,0.1,0.5,0.04610909700768494,0.056138018472045026,0.1401680121982917
