domain,random_hits10,freq_hits10,distmult_hits10,harmony_hits10,mrr_random,mrr_distmult,mrr_harmony
astronomy,0.2857142857142857,0.5714285714285714,0.42857142857142855,0.42857142857142855,0.06608690380467384,0.1264990932692796,0.1264990932692796
physics,0.3333333333333333,0.4444444444444444,0.4444444444444444,0.0,0.0839772790753183,0.13289764490753145,0.03975421355847594
materials,0.3,0.4,0.6,0.5,0.17324230904459928,0.30126780626780625,0.21517391304347827
