domain,random_hits10,freq_hits10,distmult_hits10,harmony_hits10,mrr_random,mrr_distmult,mrr_harmony
astronomy,0.2857142857142857,0.2857142857142857,0.14285714285714285,0.14285714285714285,0.09666702345273774,0.08026723234096507,0.08026723234096507
physics,0.2222222222222222,0.4444444444444444,0.4444444444444444,0.4444444444444444,0.08201577944059645,0.2649877123201337,0.140880658090803
materials,0.1,0.4,0.3,0.3,0.13406166466624725,0.15250143099361155,0.1745140525192707
wikidata_physics,0.037037037037037035,0.25925925925925924,0.2777777777777778,0.2392638036809816,0.0250175873859675,0.10041792158878124,0.08357392341811325
wikidata_materials,0.037267080745341616,0.37888198757763975,0.34782608695652173,0.391304347826087,0.01999459086214691,0.12707024257621696,0.12916508000665605
