domain,random_hits10,freq_hits10,distmult_hits10,harmony_hits10,mrr_random,mrr_distmult,mrr_harmony
astronomy,0.42857142857142855,0.42857142857142855,0.2857142857142857,0.2857142857142857,0.25242783735815094,0.08731398979846185,0.08731398979846185
physics,0.4444444444444444,0.2222222222222222,0.2222222222222222,0.2222222222222222,0.28323728659437586,0.10810573162105729,0.07743205356648351
materials,0.3,0.5,0.3,0.2,0.1723728099385994,0.27698358055992695,0.15242388730854334
wikidata_physics,0.043209876543209874,0.2716049382716049,0.24691358024691357,0.2392638036809816,0.016955456424105553,0.09477544277343304,0.07545096250600165
wikidata_materials,0.049689440993788817,0.37888198757763975,0.2981366459627329,0.34782608695652173,0.02190860724407863,0.10125696868044966,0.12315799588049268
