domain,random_hits10,freq_hits10,distmult_hits10,harmony_hits10,mrr_random,mrr_distmult,mrr_harmony
astronomy,0.14285714285714285,0.42857142857142855,0.0,0.0,0.11999675201645645,0.04768605050863116,0.04768605050863116
physics,0.2222222222222222,0.3333333333333333,0.2222222222222222,0.0,0.0583788813117697,0.10342767579609685,0.043734132939277366
materials,0.1,0.7,0.1,0.5,0.04610909700768494,0.056138018472045026,0.1401680121982917
wikidata_physics,0.043209876543209874,0.2839506172839506,0.2654320987654321,0.3312883435582822,0.02235626567999269,0.09858512723667741,0.13717289021447257
wikidata_materials,0.062111801242236024,0.4161490683229814,0.3167701863354037,0.33540372670807456,0.03864282537789134,0.10554905450380335,0.11511035010033994
