domain,random_hits10,freq_hits10,distmult_hits10,harmony_hits10,mrr_random,mrr_distmult,mrr_harmony
astronomy,0.5714285714285714,0.2857142857142857,0.14285714285714285,0.14285714285714285,0.3353087388801675,0.0818400209546184,0.0818400209546184
physics,0.4444444444444444,0.5555555555555556,0.3333333333333333,0.4444444444444444,0.12322486569443974,0.08501055036142754,0.12585949293172918
materials,0.3,0.2,0.2,0.1,0.07894649131062174,0.08511753127172647,0.062153209308548674
wikidata_physics,0.043209876543209874,0.2839506172839506,0.2345679012345679,0.2085889570552147,0.02484781736924827,0.09194276408542622,0.08801177447165216
