domain,random_hits10,freq_hits10,distmult_hits10,harmony_hits10,mrr_random,mrr_distmult,mrr_harmony
astronomy,0.42857142857142855,0.42857142857142855,0.42857142857142855,0.42857142857142855,0.10206625333060053,0.14206449763941054,0.14206449763941054
physics,0.3333333333333333,0.6666666666666666,0.2222222222222222,0.6666666666666666,0.0887813521219954,0.20276881205610156,0.15396825396825398
materials,0.1,0.3,0.2,0.2,0.14052110520721706,0.07351342602346907,0.09051263239942955
wikidata_physics,0.043209876543209874,0.30864197530864196,0.24691358024691357,0.2822085889570552,0.017781323565446636,0.09995710487339507,0.11092802975142757
wikidata_materials,0.037267080745341616,0.37888198757763975,0.40372670807453415,0.3105590062111801,0.024421743456381515,0.13398073838868652,0.12079544098678978
