domain,random_hits10_mean,random_hits10_std,freq_hits10_mean,freq_hits10_std,distmult_hits10_mean,distmult_hits10_std,harmony_hits10_mean,harmony_hits10_std,mrr_random_mean,mrr_random_std,mrr_distmult_mean,mrr_distmult_std,mrr_harmony_mean,mrr_harmony_std,n_seeds
astronomy,0.2714285714285714,0.15721499065923025,0.3857142857142856,0.11761037176408065,0.24285714285714283,0.16564311553262936,0.24285714285714283,0.16564311553262936,0.12218960878856744,0.09537057091972924,0.10449900751384869,0.04374838322030664,0.10449900751384869,0.04374838322030664,10
physics,0.2888888888888889,0.13042086564191857,0.45555555555555555,0.12227832606829021,0.3666666666666667,0.13907395078161916,0.3222222222222223,0.2309994982150026,0.10202707174531489,0.06682910698399461,0.15844037749634388,0.07209004784785415,0.13031060488604518,0.09016663682680001,10
materials,0.17,0.11595018087284056,0.36,0.17763883459298968,0.29,0.13703203194062974,0.30999999999999994,0.14491376746189438,0.10504399637284342,0.05512863878777426,0.14952815553772475,0.08625579458724694,0.12931196450841734,0.046656803777993534,10
wikidata_physics,0.046296296296296294,0.013413996718523967,0.28580246913580243,0.01794965307618468,0.2537037037037037,0.022995610816376157,0.2552147239263804,0.03567906501033028,0.024540077902281958,0.00508581794260634,0.09779005242364755,0.005752842934227608,0.09485373870429832,0.01795121075843069,10
wikidata_materials,0.03354037267080746,0.016090566648219833,0.3857142857142857,0.029199153474641387,0.3236024844720497,0.047343699379278265,0.3360248447204969,0.03933202533909954,0.022489940953739435,0.006287089751720287,0.11466331760876007,0.015355587249446457,0.12097227987949961,0.011934207208358343,10
