{
  "schema_version": 1,
  "target_name": "average_shortest_path_length",
  "stat_baselines": {
    "linear_regression": {
      "status": "ok",
      "val_metrics": {
        "spearman": 0.9409075226880673,
        "pearson": 0.978503725106111,
        "rmse": 0.19107621433603958,
        "mae": 0.13842649801582219,
        "valid_count": 200
      },
      "test_metrics": {
        "spearman": 0.9455231380784521,
        "pearson": 0.9835308615615035,
        "rmse": 0.20882353064909803,
        "mae": 0.1501063877092142,
        "valid_count": 200
      }
    },
    "random_forest": {
      "status": "ok",
      "val_metrics": {
        "spearman": 0.9413545338633468,
        "pearson": 0.9157278876364658,
        "rmse": 0.37190515955362907,
        "mae": 0.19315041751078182,
        "valid_count": 200
      },
      "test_metrics": {
        "spearman": 0.9748038700967526,
        "pearson": 0.905953452180139,
        "rmse": 0.48637569921538254,
        "mae": 0.22086251222141887,
        "valid_count": 200
      }
    }
  },
  "pysr_baseline": {
    "status": "ok",
    "model": "pysr",
    "val_metrics": {
      "spearman": 0.9303877596939925,
      "pearson": 0.975805744174832,
      "rmse": 0.20147164578441476,
      "mae": 0.1474634465769756,
      "valid_count": 200
    },
    "test_metrics": {
      "spearman": 0.9408100202505064,
      "pearson": 0.9828169134956959,
      "rmse": 0.21623977210090511,
      "mae": 0.1579960567016259,
      "valid_count": 200
    }
  }
}