{
  "schema_version": 1,
  "target_name": "algebraic_connectivity",
  "stat_baselines": {
    "linear_regression": {
      "status": "ok",
      "val_metrics": {
        "spearman": 1.0,
        "pearson": 0.9999999999999998,
        "rmse": 1.1588832732391539e-14,
        "mae": 5.757581911236542e-15,
        "valid_count": 200
      },
      "test_metrics": {
        "spearman": 1.0,
        "pearson": 1.0,
        "rmse": 8.615156501892143e-15,
        "mae": 4.675929782260723e-15,
        "valid_count": 200
      }
    },
    "random_forest": {
      "status": "ok",
      "val_metrics": {
        "spearman": 0.993343956102956,
        "pearson": 0.9471421637962252,
        "rmse": 0.7884745151829661,
        "mae": 0.2559974587757458,
        "valid_count": 200
      },
      "test_metrics": {
        "spearman": 0.9945518637965951,
        "pearson": 0.9532554742448176,
        "rmse": 0.896077476745917,
        "mae": 0.2888558542444586,
        "valid_count": 200
      }
    }
  },
  "pysr_baseline": {
    "status": "ok",
    "model": "pysr",
    "val_metrics": {
      "spearman": 1.0,
      "pearson": 0.9999999999999998,
      "rmse": 1.4487440524505062e-14,
      "mae": 3.841874735011075e-15,
      "valid_count": 200
    },
    "test_metrics": {
      "spearman": 1.0,
      "pearson": 1.0,
      "rmse": 8.063631582521668e-15,
      "mae": 3.551742233653954e-15,
      "valid_count": 200
    }
  }
}