{
  "schema_version": 1,
  "target_name": "average_shortest_path_length",
  "stat_baselines": {
    "linear_regression": {
      "status": "ok",
      "val_metrics": {
        "spearman": 0.9596849921248032,
        "pearson": 0.9789644930326173,
        "rmse": 0.1759302874322861,
        "mae": 0.13154361321466504,
        "valid_count": 200
      },
      "test_metrics": {
        "spearman": 0.9590144753618842,
        "pearson": 0.97577831302377,
        "rmse": 0.18734207172271172,
        "mae": 0.1393589521630571,
        "valid_count": 200
      }
    },
    "random_forest": {
      "status": "ok",
      "val_metrics": {
        "spearman": 0.9603554494204901,
        "pearson": 0.94640514176037,
        "rmse": 0.3060331988810615,
        "mae": 0.14607846731283142,
        "valid_count": 200
      },
      "test_metrics": {
        "spearman": 0.9751634947737485,
        "pearson": 0.9581550880729686,
        "rmse": 0.2786162036776715,
        "mae": 0.1487077967164468,
        "valid_count": 200
      }
    }
  },
  "pysr_baseline": {
    "status": "ok",
    "model": "pysr",
    "val_metrics": {
      "spearman": 0.9558020124606502,
      "pearson": 0.9645104636308113,
      "rmse": 0.24130502892345157,
      "mae": 0.1459826614968708,
      "valid_count": 200
    },
    "test_metrics": {
      "spearman": 0.964266387862287,
      "pearson": 0.9674475180662365,
      "rmse": 0.22305667554239153,
      "mae": 0.14429140025492557,
      "valid_count": 200
    }
  }
}